{"total_train_loss": [0.26526062935590744, 0.24553627893328667, 0.22400133684277534, 0.22306337393820286, 0.23995696380734444, 0.20689023472368717, 0.18489984422922134, 0.1851036436855793, 0.1887260638177395, 0.19002187065780163], "total_val_loss": [2.3085701763629913, 2.2764895856380463, 2.1715975403785706, 2.080304116010666, 2.2374919652938843, 2.1759817004203796, 2.12675017118454, 2.228627473115921, 2.2769605815410614, 2.1549786031246185], "total_train_loss_classifier": [0.05449397978372872, 0.053706846199929714, 0.05170376930618659, 0.054168788716197014, 0.0528725846670568, 0.05222286656498909, 0.04191377537790686, 0.044969031237997115, 0.039575810777023435, 0.04367021698271856], "total_val_loss_classifier": [1.0188218131661415, 1.0260528288781643, 1.0123826824128628, 1.018258273601532, 1.0312127396464348, 1.0233023129403591, 1.0072577185928822, 1.022452611476183, 1.0392500273883343, 1.0022660978138447], "total_train_loss_box_reg": [0.09000805439427495, 0.07514279615134001, 0.06045245798304677, 0.05929702613502741, 0.07646796759217978, 0.050216436851769686, 0.041628258768469095, 0.04019252443686128, 0.051516920793801546, 0.051559860818088055], "total_val_loss_box_reg": [0.29105691984295845, 0.2954007238149643, 0.294437013566494, 0.28445625118911266, 0.29086942970752716, 0.28753242641687393, 0.27225503511726856, 0.27646178379654884, 0.28086342476308346, 0.2684984318912029], "total_train_loss_mask": [0.1178030576556921, 0.11444979347288609, 0.10992281325161457, 0.1080013494938612, 0.10890507325530052, 0.102950818836689, 0.10021906346082687, 0.09734603017568588, 0.09632035531103611, 0.09362403675913811], "total_val_loss_mask": [0.8379818797111511, 0.7886017709970474, 0.6948669850826263, 0.6075029447674751, 0.7436942905187607, 0.6884535402059555, 0.667624332010746, 0.7498833760619164, 0.7746797353029251, 0.699242077767849], "total_train_loss_objectness": [0.001885484321974218, 0.00145793249248527, 0.0011723305797204375, 0.0008796269503363874, 0.0010315804101992399, 0.0009799871040740982, 0.0007074168097460642, 0.002157036680728197, 0.0008546283788746223, 0.0007053258232190274], "total_val_loss_objectness": [0.1412904473254457, 0.14685993175953627, 0.15039357845671475, 0.1506350568961352, 0.15209287940524518, 0.15697426232509315, 0.15989302820526063, 0.1601846996054519, 0.1624900127062574, 0.1653544120490551], "total_train_loss_rpn_box_reg": [0.0010700522543629631, 0.0007789076407789253, 0.0007499652056139894, 0.0007165894567151554, 0.0006797515379730612, 0.0005201256644795649, 0.00043133105282322504, 0.0004390215763123706, 0.0004583401241688989, 0.00046241975360317156], "total_val_loss_rpn_box_reg": [0.01941904576960951, 0.019574256264604628, 0.01951722428202629, 0.019451571395620704, 0.019622537540271878, 0.019719057949259877, 0.019720071577467024, 0.0196449626237154, 0.019677402800880373, 0.01961766742169857]}