{"total_train_loss": [0.7140758301450236, 0.47290403756370764, 0.360711815814686, 0.27984518093882865, 0.24720802634070826], "total_val_loss": [0.5065081481422696, 0.4890882316089812, 0.49234263772765796, 0.4726230887784844, 0.47642700885023387], "total_train_loss_classifier": [0.2768199926297459, 0.16858922499872123, 0.11712024652090355, 0.08797500086471317, 0.0779325833187672], "total_val_loss_classifier": [0.1839891516381786, 0.163156499145996, 0.16610597537032196, 0.15525538816693282, 0.15449310397463187], "total_train_loss_box_reg": [0.29757188061739237, 0.23336405692637127, 0.18958172974279627, 0.14867159470192828, 0.13314440830377233], "total_val_loss_box_reg": [0.21061400987562678, 0.19646616170094128, 0.19575461166955177, 0.17785760820621535, 0.17892622518397513], "total_train_loss_objectness": [0.06643021313694489, 0.019775919494315772, 0.011903545996983789, 0.008930731496982015, 0.007387601272557608], "total_val_loss_objectness": [0.0522052575612352, 0.06093059670667918, 0.06480447598622135, 0.07234319054793256, 0.0750231181193764], "total_train_loss_rpn_box_reg": [0.07325374410240054, 0.051174835532883586, 0.0421062929070991, 0.034267853197521334, 0.028743433536028606], "total_val_loss_rpn_box_reg": [0.05969973271671084, 0.06853497751307303, 0.06567757817046228, 0.06716690609104088, 0.06798455815913344]}