{"total_train_loss": [1.5093961954116821, 1.0332403928041458, 0.6343999728560448, 0.4798756577074528, 0.4001934826374054, 0.3320055864751339, 0.3006817176938057, 0.292547132819891, 0.25766124576330185, 0.25708954967558384], "total_val_loss": [2.5507922172546387, 2.2163939476013184, 2.1811813712120056, 2.4000324606895447, 2.191139668226242, 2.1446758806705475, 2.1947456896305084, 2.3117173612117767, 2.2341652512550354, 2.0689088702201843], "total_train_loss_classifier": [0.5811286717653275, 0.4677690342068672, 0.2068744543939829, 0.13970612734556198, 0.08706345362588763, 0.0694101620465517, 0.05837214132770896, 0.05343770608305931, 0.0524093909189105, 0.05048520304262638], "total_val_loss_classifier": [1.3563889116048813, 1.1124377697706223, 0.9857732094824314, 1.0601096898317337, 1.0708778351545334, 1.0653728693723679, 1.0506560280919075, 1.0808510556817055, 1.0405669324100018, 0.978102520108223], "total_train_loss_box_reg": [0.1422855257987976, 0.18049384839832783, 0.11715378612279892, 0.0874121030792594, 0.09867014642804861, 0.07765268534421921, 0.07970394287258387, 0.09311237512156367, 0.07097597885876894, 0.07737470185384154], "total_val_loss_box_reg": [0.31539106369018555, 0.34096492268145084, 0.3044286612421274, 0.2852224260568619, 0.2785301171243191, 0.2822515554726124, 0.284426037222147, 0.290627071633935, 0.2825753651559353, 0.26901156455278397], "total_train_loss_mask": [0.6556717306375504, 0.35415128991007805, 0.28535472974181175, 0.2324964478611946, 0.20206310413777828, 0.17592110671103, 0.15606672689318657, 0.14088273234665394, 0.13056856766343117, 0.1245038602501154], "total_val_loss_mask": [0.8214847892522812, 0.7044484540820122, 0.8143258392810822, 0.956789955496788, 0.7228591069579124, 0.655558206140995, 0.6974595338106155, 0.7685762792825699, 0.7273731306195259, 0.6296430230140686], "total_train_loss_objectness": [0.11188474111258984, 0.020056640030816197, 0.014911049045622349, 0.013212134130299091, 0.008118901634588838, 0.005693209765013307, 0.004162627650657669, 0.00331614313472528, 0.0022963459414313547, 0.0035355552681721747], "total_val_loss_objectness": [0.04368005495052785, 0.0429607683327049, 0.059106932138092816, 0.07917735015507787, 0.09926572593394667, 0.1212978798430413, 0.1416240148828365, 0.15075536782387644, 0.16257260215934366, 0.1708309912646655], "total_train_loss_rpn_box_reg": [0.018425476737320423, 0.010769622924271971, 0.010105964844115078, 0.007048844563541934, 0.004277873376850039, 0.003328417762531899, 0.0023762851487845182, 0.001798177880118601, 0.001410962395311799, 0.0011902385158464313], "total_val_loss_rpn_box_reg": [0.013847476220689714, 0.015582079184241593, 0.01754669175716117, 0.018733052420429885, 0.019606926711276174, 0.020195438293740153, 0.02058005379512906, 0.020907582947984338, 0.021077226381748915, 0.021320732543244958]}