{"total_train_loss": [1.5485870987176895, 1.0302047803997993, 0.6742134094238281, 0.4363089017570019, 0.36445337533950806, 0.3429587371647358, 0.3001275062561035, 0.3203699551522732, 0.2833735216408968, 0.27784815058112144], "total_val_loss": [2.593886375427246, 2.2899657785892487, 2.269092857837677, 2.1594743728637695, 2.0134676694869995, 1.8467173874378204, 1.8600710332393646, 1.7705961167812347, 1.8025921285152435, 1.781297504901886], "total_train_loss_classifier": [0.5799267701804638, 0.48607439920306206, 0.20469061844050884, 0.07992001390084624, 0.07763142744079232, 0.06372210429981351, 0.05879349773749709, 0.057022630237042904, 0.06196787627413869, 0.055594353238120675], "total_val_loss_classifier": [1.3760684505105019, 1.0956521481275558, 1.0434717647731304, 0.9349920898675919, 0.8697125986218452, 0.8487159088253975, 0.9023096300661564, 0.8612018451094627, 0.8528551980853081, 0.8751162588596344], "total_train_loss_box_reg": [0.14647489227354527, 0.17268661595880985, 0.13099918235093355, 0.10082421265542507, 0.0784684969112277, 0.09617947321385145, 0.07893873890861869, 0.11248660972341895, 0.08622470870614052, 0.09345713350921869], "total_val_loss_box_reg": [0.32871589437127113, 0.3292864728718996, 0.30615989677608013, 0.25299003161489964, 0.22721058502793312, 0.2240116484463215, 0.2363734133541584, 0.22224447410553694, 0.21446834690868855, 0.22513333149254322], "total_train_loss_mask": [0.6760236993432045, 0.33786384016275406, 0.3178711161017418, 0.24322828464210033, 0.19939422234892845, 0.17671648040413857, 0.15463360399007797, 0.1459556259214878, 0.13126925937831402, 0.12457648478448391], "total_val_loss_mask": [0.8490811288356781, 0.8014886528253555, 0.8351009413599968, 0.8816493675112724, 0.8149731084704399, 0.6610091030597687, 0.5985772758722305, 0.5606098398566246, 0.5935129821300507, 0.5408279672265053], "total_train_loss_objectness": [0.12751883547753096, 0.021453817607834935, 0.011514494777657092, 0.007236601901240647, 0.0053317161509767175, 0.0029044257826171815, 0.0052261753007769585, 0.001649352052481845, 0.0013930037966929376, 0.0026519264501985162], "total_val_loss_objectness": [0.02585015259683132, 0.046657908242195845, 0.06609687954187393, 0.07146931265015155, 0.08266704046400264, 0.09389996516983956, 0.10359334995155223, 0.10732082120375708, 0.12235511234030128, 0.12073894258355722], "total_train_loss_rpn_box_reg": [0.018642936134710908, 0.01212608374771662, 0.009137983375694603, 0.005099784320918843, 0.0036275047896197066, 0.0034362542792223394, 0.0025354774625157006, 0.003255737974541262, 0.0025186731036228593, 0.0015682516532251611], "total_val_loss_rpn_box_reg": [0.01417068432783708, 0.016880602343007922, 0.018263350357301533, 0.0183735778555274, 0.01890436140820384, 0.019080703845247626, 0.01921733096241951, 0.01921919663436711, 0.019400461576879025, 0.01948099723085761]}