{"total_train_loss": [0.7094732147423084, 0.4739702285601283, 0.358888404840488, 0.27557747707654523, 0.2449143350305101], "total_val_loss": [0.487525546337877, 0.480777832085178, 0.49167829475232533, 0.47683001025801613, 0.476808411521571], "total_train_loss_classifier": [0.27731855410449907, 0.16922687235566966, 0.1180319480442334, 0.0860014104929494, 0.0772851296070451], "total_val_loss_classifier": [0.17510350179814158, 0.1670225875008674, 0.16568511632226762, 0.15620822384953498, 0.15557387889850707], "total_train_loss_box_reg": [0.297203330388368, 0.23197894577549474, 0.18795473973525342, 0.14649758524088205, 0.13095830372381564], "total_val_loss_box_reg": [0.19993318677658126, 0.19084458493051074, 0.1888696045038246, 0.17795400296648342, 0.1771212887728498], "total_train_loss_objectness": [0.06108755533893485, 0.019897623325891373, 0.01148114171656692, 0.008634768254540966, 0.007704594958889878], "total_val_loss_objectness": [0.05198656782241804, 0.05538448433258704, 0.06802418600889809, 0.07389389377453232, 0.07433809185777569], "total_train_loss_rpn_box_reg": [0.07386377524280785, 0.0528667859510786, 0.04142057383451615, 0.03444371350731505, 0.02896630653338488], "total_val_loss_rpn_box_reg": [0.06050228898391305, 0.06752617468751157, 0.06909939144388773, 0.06877388764093796, 0.06977515488047391]}