{"total_train_loss": [1.4901053309440613, 1.0828751027584076, 0.6449534595012665, 0.4664795435965061, 0.38835958018898964, 0.34526796266436577, 0.30727411061525345, 0.2760341987013817, 0.259609904140234, 0.290680093690753], "total_val_loss": [2.5729774236679077, 2.3790610134601593, 2.289681524038315, 2.1762025356292725, 2.11773020029068, 2.160133719444275, 2.0935317873954773, 2.231431245803833, 2.1949247121810913, 2.158125787973404], "total_train_loss_classifier": [0.5760191008448601, 0.48777909576892853, 0.2541697211563587, 0.09898447105661035, 0.08173655392602086, 0.07321776519529521, 0.059415677562355995, 0.05192715395241976, 0.05250570550560951, 0.06067427806556225], "total_val_loss_classifier": [1.3738648742437363, 1.1224283427000046, 1.0216464921832085, 0.9979909658432007, 0.9720860421657562, 1.0289061143994331, 1.0485059320926666, 1.0993942394852638, 1.080529808998108, 1.0584684535861015], "total_train_loss_box_reg": [0.1405809335410595, 0.19288566149771214, 0.10517613403499126, 0.10107224527746439, 0.08876423491165042, 0.08740977803245187, 0.08364194352179766, 0.07936141872778535, 0.06724793091416359, 0.1024217139929533], "total_val_loss_box_reg": [0.3176643829792738, 0.34410494938492775, 0.3078001532703638, 0.28142899088561535, 0.25814978405833244, 0.26440308801829815, 0.260724063962698, 0.28176541067659855, 0.2791701853275299, 0.2774166837334633], "total_train_loss_mask": [0.6537110209465027, 0.3614775538444519, 0.267900537699461, 0.2501886822283268, 0.207241240888834, 0.1759561151266098, 0.15850272588431835, 0.13865305483341217, 0.13466128520667553, 0.12446322478353977], "total_val_loss_mask": [0.8349800109863281, 0.8541819825768471, 0.8787101432681084, 0.7985823154449463, 0.7792897075414658, 0.7474489510059357, 0.6540975123643875, 0.7083316370844841, 0.6879245862364769, 0.6646067425608635], "total_train_loss_objectness": [0.10136548383161426, 0.02981168730184436, 0.008425833482760936, 0.010623197420500219, 0.005589187843725085, 0.00500467570964247, 0.003180822473950684, 0.004244335432304069, 0.003824406478088349, 0.0019793957471847534], "total_val_loss_objectness": [0.03272995492443442, 0.042832654202356935, 0.06435908540152013, 0.08008989505469799, 0.08968191978055984, 0.10080861859023571, 0.11167977412696928, 0.12340085813775659, 0.12877388717606664, 0.1390124624595046], "total_train_loss_rpn_box_reg": [0.018428766983561218, 0.010921085719019175, 0.009281256556278095, 0.005610951717244461, 0.005028364539612085, 0.003679623070638627, 0.002532944767153822, 0.001848230982432142, 0.0013705797828151844, 0.00114147670683451], "total_val_loss_rpn_box_reg": [0.013738121662754565, 0.015513131744228303, 0.01716567564290017, 0.018110309960320592, 0.018522704602219164, 0.018566989805549383, 0.018524542218074203, 0.018539213575422764, 0.018526243045926094, 0.018621405120939016]}