{"total_train_loss": [1.5349857807159424, 1.0598685294389725, 0.6540054231882095, 0.45881230011582375, 0.4646862931549549, 0.34811054915189743, 0.32987504824995995, 0.314177006483078, 0.2959548979997635, 0.29902270063757896], "total_val_loss": [2.6448224782943726, 2.358042538166046, 2.2680163085460663, 2.362385183572769, 2.256839334964752, 2.1217282116413116, 2.200943350791931, 2.0829004645347595, 2.084547758102417, 2.1618418395519257], "total_train_loss_classifier": [0.5911033824086189, 0.4915245287120342, 0.23202919587492943, 0.12268637027591467, 0.09586633159779012, 0.06678864872083068, 0.06258477573283017, 0.05614664196036756, 0.0644611157476902, 0.05555555783212185], "total_val_loss_classifier": [1.3291149735450745, 1.0968026667833328, 1.0694800838828087, 1.1040969640016556, 1.0647578239440918, 1.0520006641745567, 1.041861928999424, 1.0507436767220497, 1.0559380427002907, 1.0439928397536278], "total_train_loss_box_reg": [0.1627858867868781, 0.179152462631464, 0.11427805945277214, 0.08785226196050644, 0.14039500849321485, 0.08698849566280842, 0.10379499848932028, 0.11519936192780733, 0.09561456087976694, 0.11303067579865456], "total_val_loss_box_reg": [0.31589365750551224, 0.3432774879038334, 0.32514194026589394, 0.3131100498139858, 0.3107425104826689, 0.29270027950406075, 0.2854764498770237, 0.2873208746314049, 0.2968359775841236, 0.2869881521910429], "total_train_loss_mask": [0.644626148045063, 0.3510739542543888, 0.29059163480997086, 0.23343798518180847, 0.21359417587518692, 0.18435131572186947, 0.1576154325157404, 0.1362556554377079, 0.13282831199467182, 0.1259228978306055], "total_val_loss_mask": [0.9573091566562653, 0.8466158136725426, 0.7956365197896957, 0.8525145500898361, 0.7678943052887917, 0.6511899158358574, 0.7388968616724014, 0.6043460220098495, 0.5857001394033432, 0.6768763959407806], "total_train_loss_objectness": [0.11815068777650595, 0.02723100408911705, 0.008548439654987305, 0.008756593393627554, 0.008578067412599921, 0.0064790675533004105, 0.0028898913878947496, 0.0040793733787722886, 0.0014039369125384837, 0.0032292503747157753], "total_val_loss_objectness": [0.028612796450033784, 0.054934057872742414, 0.059007396921515465, 0.07266890641767532, 0.09357253974303603, 0.10628891084343195, 0.11542157747317106, 0.12117836554534733, 0.1269647575682029, 0.1347480802796781], "total_train_loss_rpn_box_reg": [0.018319652532227337, 0.010886523872613907, 0.00855807535117492, 0.006079074402805418, 0.006252688879612833, 0.003503034524328541, 0.0029899511428084224, 0.0024959731090348214, 0.0016469794500153512, 0.0012843270669691265], "total_val_loss_rpn_box_reg": [0.013891848444472998, 0.016412459313869476, 0.018750419723801315, 0.01999476575292647, 0.019872191944159567, 0.01954844524152577, 0.019286512630060315, 0.019311601296067238, 0.01910881558433175, 0.01923629897646606]}