{"total_train_loss": [1.5578770190477371, 1.0611138939857483, 0.6927758455276489, 0.47528287023305893, 0.42288538813591003, 0.34231681749224663, 0.29607488960027695, 0.3299095183610916, 0.3169495761394501, 0.2704986035823822], "total_val_loss": [2.593207359313965, 2.246518075466156, 2.188024401664734, 2.092881500720978, 1.9328025579452515, 2.051490366458893, 2.0292520076036453, 1.9970566928386688, 1.9917705059051514, 1.856300711631775], "total_train_loss_classifier": [0.5953017920255661, 0.4953955039381981, 0.2550028283149004, 0.10525703802704811, 0.07987301563844085, 0.06779188243672252, 0.056596343871206045, 0.06393895321525633, 0.054906059871427715, 0.05242026934865862], "total_val_loss_classifier": [1.3553899973630905, 1.06182474270463, 0.9977089390158653, 0.9918805062770844, 0.890651099383831, 0.8644031062722206, 0.9108415208756924, 0.9165538847446442, 0.874687422066927, 0.8534303680062294], "total_train_loss_box_reg": [0.14888224005699158, 0.17836078722029924, 0.12140700221061707, 0.10623965598642826, 0.1210471629165113, 0.09292011894285679, 0.07756115961819887, 0.12040698435157537, 0.12599423248320818, 0.09043081756681204], "total_val_loss_box_reg": [0.3227144265547395, 0.31743895821273327, 0.3115523811429739, 0.2913887593895197, 0.2568344362080097, 0.24962474778294563, 0.25764181464910507, 0.2476360071450472, 0.24597759172320366, 0.24080347456037998], "total_train_loss_mask": [0.6781007871031761, 0.3440267890691757, 0.29528603330254555, 0.24565037339925766, 0.21255281753838062, 0.17710071057081223, 0.15639476478099823, 0.1418476514518261, 0.13182515278458595, 0.12433160841464996], "total_val_loss_mask": [0.8719873502850533, 0.8125888109207153, 0.8020919561386108, 0.7096424251794815, 0.6637232825160027, 0.7910472452640533, 0.7068962082266808, 0.6687723845243454, 0.7003894671797752, 0.5861959457397461], "total_train_loss_objectness": [0.11742037255316973, 0.030846336856484413, 0.010209200205281377, 0.011959247465711087, 0.004434806964127347, 0.0014395252946997061, 0.0029086857684887946, 0.0017001908563543111, 0.0024901248107198626, 0.001921823713928461], "total_val_loss_objectness": [0.02987622650107369, 0.03837458789348602, 0.058801538310945034, 0.08157500717788935, 0.10268508800072595, 0.1273939159582369, 0.13510152779053897, 0.14515030628535897, 0.15165459999116138, 0.15668584441300482], "total_train_loss_rpn_box_reg": [0.018171812873333693, 0.012484470847994089, 0.010870753903873265, 0.0061765504942741245, 0.0049776078085415065, 0.0030645734223071486, 0.0026139293186133727, 0.002015742938965559, 0.0017339935584459454, 0.0013940766439191066], "total_val_loss_rpn_box_reg": [0.013239282328868285, 0.016291104489937425, 0.017869562725536525, 0.018394784070551395, 0.018908679019659758, 0.019021334243007004, 0.01877089508343488, 0.018944196868687868, 0.019061301951296628, 0.01918508973903954]}