{"total_train_loss": [1.5400085300207138, 1.0248036831617355, 0.6788892820477486, 0.4702463075518608, 0.36615217849612236, 0.32248611748218536, 0.3037160821259022, 0.27454912662506104, 0.2631650045514107, 0.29276093095541], "total_val_loss": [2.7407124042510986, 2.2679442167282104, 2.1054110527038574, 2.380329042673111, 2.314970463514328, 2.2235918641090393, 2.3934834599494934, 2.0750153809785843, 2.1033298671245575, 2.1281721889972687], "total_train_loss_classifier": [0.6176125481724739, 0.46754077821969986, 0.22588923200964928, 0.09765351470559835, 0.07030673930421472, 0.065971446223557, 0.05728804040700197, 0.05269757332280278, 0.05426104203797877, 0.053938512690365314], "total_val_loss_classifier": [1.3725136518478394, 1.0984874442219734, 1.0170374736189842, 1.0477416813373566, 1.0987036973237991, 1.078269500285387, 1.0830595642328262, 1.0262447632849216, 1.0046306997537613, 0.9820427261292934], "total_train_loss_box_reg": [0.1588146761059761, 0.17345596477389336, 0.1392925512045622, 0.11635750439018011, 0.07986921165138483, 0.07700982829555869, 0.08800090663135052, 0.07384021487087011, 0.07303910702466965, 0.11317802267149091], "total_val_loss_box_reg": [0.32107499428093433, 0.3174489066004753, 0.31401834078133106, 0.3225577026605606, 0.31397478468716145, 0.29541310854256153, 0.2933236826211214, 0.26904874853789806, 0.2682839669287205, 0.2731028404086828], "total_train_loss_mask": [0.6367016062140465, 0.3473786190152168, 0.29696810618042946, 0.24184513092041016, 0.20631510391831398, 0.17384949512779713, 0.15265478566288948, 0.14098124392330647, 0.13180173747241497, 0.12245702743530273], "total_val_loss_mask": [0.9852150678634644, 0.7939934730529785, 0.697047658264637, 0.9116081073880196, 0.785870224237442, 0.7237746864557266, 0.8826596140861511, 0.6353224217891693, 0.6716591715812683, 0.714734748005867], "total_train_loss_objectness": [0.10857051983475685, 0.02521951636299491, 0.005922851385548711, 0.008587739721406251, 0.005242964019998908, 0.0023961486876942217, 0.0035482636594679207, 0.005417258420493454, 0.002634379605296999, 0.0018732696917140856], "total_val_loss_objectness": [0.048098798375576735, 0.042007303331047297, 0.05966927611734718, 0.0794528576079756, 0.0972118848003447, 0.1069494434632361, 0.11561974993674085, 0.12558468346833251, 0.1396875645732507, 0.13885618385393173], "total_train_loss_rpn_box_reg": [0.018309222417883575, 0.011208778421860188, 0.010816512221936136, 0.005802401807159185, 0.004418163123773411, 0.0032591898052487522, 0.0022240885300561786, 0.0016128282150020823, 0.001428738956747111, 0.0013141029048711061], "total_val_loss_rpn_box_reg": [0.013809931726427749, 0.016007122379960492, 0.01763827371178195, 0.018968625809065998, 0.019209943478927016, 0.019185268436558545, 0.018820848898030818, 0.018814763403497636, 0.019068412948399782, 0.019435672089457512]}