{"total_train_loss": [1.5401548147201538, 1.0554138273000717, 0.6338310167193413, 0.44594865664839745, 0.3490133546292782, 0.3248537853360176, 0.3231818825006485, 0.2990260273218155, 0.24909576401114464, 0.25187231600284576, 0.24227721244096756, 0.22213226929306984, 0.21891802735626698, 0.2139707487076521, 0.2235637828707695], "total_val_loss": [2.736406624317169, 2.2520162761211395, 2.2152344584465027, 2.3240189254283905, 2.0913802087306976, 2.149146467447281, 2.379441887140274, 2.0344516336917877, 2.1385841071605682, 2.0668202936649323, 2.003940612077713, 2.078816458582878, 2.059999853372574, 1.8962202668190002, 2.1322876513004303], "total_train_loss_classifier": [0.6149478852748871, 0.490642499178648, 0.22333999536931515, 0.09012326970696449, 0.062040182296186686, 0.06210347474552691, 0.07028428884223104, 0.06519230362027884, 0.0489123419392854, 0.050772800808772445, 0.051482480484992266, 0.048792289569973946, 0.05323790665715933, 0.05358707974664867, 0.050387567142024636], "total_val_loss_classifier": [1.4078419655561447, 1.0306364484131336, 1.0227198712527752, 0.9555334337055683, 0.9425190314650536, 1.0037129521369934, 1.0195239335298538, 0.9559889361262321, 1.0080381780862808, 0.9672055765986443, 0.9428063854575157, 0.932834766805172, 0.9236826151609421, 0.9048641510307789, 0.9316513389348984], "total_train_loss_box_reg": [0.1590302214026451, 0.16375749185681343, 0.11072160303592682, 0.09932870604097843, 0.07874785363674164, 0.07959864009171724, 0.08408973552286625, 0.08178548514842987, 0.06516705267131329, 0.07371938228607178, 0.06860850192606449, 0.05457648169249296, 0.052790559362620115, 0.05369461327791214, 0.06695892219431698], "total_val_loss_box_reg": [0.33459523878991604, 0.31987518817186356, 0.3020511269569397, 0.27388300001621246, 0.27003819681704044, 0.27557243406772614, 0.278084808960557, 0.2577764429152012, 0.2784961387515068, 0.26494829170405865, 0.2548362649977207, 0.25565728172659874, 0.24736757948994637, 0.237928107380867, 0.24475738778710365], "total_train_loss_mask": [0.6376845240592957, 0.3602092005312443, 0.27293138951063156, 0.242374487221241, 0.1975823286920786, 0.17692719399929047, 0.15897133015096188, 0.14537202939391136, 0.13026838190853596, 0.12398217990994453, 0.11822719126939774, 0.11476643197238445, 0.10997054353356361, 0.10523216053843498, 0.10481332801282406], "total_val_loss_mask": [0.9413403123617172, 0.8459958285093307, 0.8142306879162788, 0.998528890311718, 0.7631627023220062, 0.7418847978115082, 0.9391302764415741, 0.668833427131176, 0.6940173506736755, 0.6704448163509369, 0.6269420981407166, 0.7079172432422638, 0.7070956379175186, 0.5674471035599709, 0.7687655314803123], "total_train_loss_objectness": [0.11042126407846808, 0.0290182838216424, 0.01660099282162264, 0.007557894219644368, 0.005335839843610302, 0.002228494151495397, 0.0065765649487730116, 0.004296318453270942, 0.002913728472776711, 0.001897491812997032, 0.0027573145634960383, 0.0031243652483681217, 0.0021819064786541276, 0.0008386885019717738, 0.0008814739849185571], "total_val_loss_objectness": [0.03903393028303981, 0.03954370738938451, 0.05787282041274011, 0.07601655833423138, 0.09541625203564763, 0.10789706517243758, 0.12293179862899706, 0.1319184023886919, 0.1376734525547363, 0.14376019430346787, 0.15862430864945054, 0.1615672844927758, 0.16095366940135136, 0.16503217164427042, 0.16605889544007368], "total_train_loss_rpn_box_reg": [0.018070914433337748, 0.011786316521465778, 0.010237017704639584, 0.006564298761077225, 0.005307155748596415, 0.003995993552962318, 0.0032599649275653064, 0.002379896439379081, 0.0018342519615544006, 0.0015004585584392771, 0.0012017309345537797, 0.0008726981250219978, 0.0007371101601165719, 0.0006182008146424778, 0.0005224938358878717], "total_val_loss_rpn_box_reg": [0.013595197699032724, 0.015965001221047714, 0.018360038520768285, 0.020057110639754683, 0.02024401701055467, 0.020079241367056966, 0.019771109567955136, 0.019934513955377042, 0.020358984940685332, 0.02046147920191288, 0.020731612807139754, 0.020839827484451234, 0.020900285802781582, 0.02094874088652432, 0.02105454821139574]}