{"total_train_loss": [1.5178823173046112, 1.0487964898347855, 0.6173308193683624, 0.4637220464646816, 0.3724118359386921, 0.3162580132484436, 0.32031792774796486, 0.2895532660186291, 0.292739637196064, 0.2615693248808384, 0.2282615229487419, 0.27714279666543007, 0.21657013148069382, 0.2105354554951191, 0.19697784073650837], "total_val_loss": [2.6269523203372955, 2.3614641427993774, 2.150364428758621, 2.1746921241283417, 2.181802213191986, 2.132001668214798, 2.339238613843918, 2.0038073360919952, 2.0277285277843475, 2.0019329488277435, 2.0826942920684814, 2.185723900794983, 2.1502701938152313, 2.1541051268577576, 1.988126426935196], "total_train_loss_classifier": [0.6025076285004616, 0.48707830533385277, 0.18436076119542122, 0.0974903553724289, 0.06896139029413462, 0.061016811057925224, 0.05761324893683195, 0.06241542659699917, 0.05375377647578716, 0.04575099563226104, 0.04769178724382073, 0.045603289268910885, 0.04024445521645248, 0.04451709287241101, 0.04538992320885882], "total_val_loss_classifier": [1.3976657092571259, 1.1150615885853767, 1.0419468097388744, 1.0098367482423782, 1.033319316804409, 0.9971675537526608, 1.0139032267034054, 0.9906199462711811, 1.0352724455296993, 1.0551900640130043, 1.0225477665662766, 1.0212446451187134, 1.0265163592994213, 1.0153915248811245, 1.0171575956046581], "total_train_loss_box_reg": [0.14359269477427006, 0.1737954020500183, 0.11263260245323181, 0.10200514271855354, 0.08721461612731218, 0.06954218074679375, 0.10004606423899531, 0.07897972641512752, 0.10518249869346619, 0.08859307412058115, 0.05862266989424825, 0.11451712436974049, 0.06521157920360565, 0.05577129847370088, 0.04827703535556793], "total_val_loss_box_reg": [0.3297964781522751, 0.340724216774106, 0.31378382071852684, 0.2833025436848402, 0.2831384427845478, 0.28135896474123, 0.27392973378300667, 0.2581990659236908, 0.27454350516200066, 0.27896615490317345, 0.26425490714609623, 0.2608424834907055, 0.26713242195546627, 0.26675791293382645, 0.2637538183480501], "total_train_loss_mask": [0.6495970636606216, 0.3525664210319519, 0.2952881418168545, 0.2450688425451517, 0.2047935537993908, 0.17639617808163166, 0.15684296563267708, 0.1419082898646593, 0.12988163717091084, 0.12355254776775837, 0.11903446353971958, 0.11548656597733498, 0.10909249819815159, 0.10632390528917313, 0.1015394739806652], "total_val_loss_mask": [0.8547459691762924, 0.8484027832746506, 0.7199613973498344, 0.7846458926796913, 0.7525012567639351, 0.7309312745928764, 0.9182341620326042, 0.6057534515857697, 0.5630262643098831, 0.5049375370144844, 0.6309425234794617, 0.7311768382787704, 0.6846628785133362, 0.7000181972980499, 0.5334246829152107], "total_train_loss_objectness": [0.1035992163233459, 0.024403939489275217, 0.014322760282084346, 0.011829317605588585, 0.007061191718094051, 0.005850103625562042, 0.0027506457990966737, 0.003630805600550957, 0.002201486306148581, 0.0022796914126956835, 0.001764367611031048, 0.0005908101265958976, 0.0011990667117061093, 0.003176154350512661, 0.001110896046156995], "total_val_loss_objectness": [0.03098140563815832, 0.04139523464255035, 0.056929474929347634, 0.07805427990388125, 0.09309243620373309, 0.10285110858967528, 0.11314993695123121, 0.1293351367348805, 0.1347533620428294, 0.1424379125237465, 0.14450315188150853, 0.15177177381701767, 0.1512818483170122, 0.15131050790660083, 0.1532592138973996], "total_train_loss_rpn_box_reg": [0.01858571358025074, 0.010952446202281862, 0.0107265489641577, 0.007328410545596853, 0.0043810939096147195, 0.0034527550742495805, 0.003065002179937437, 0.0026190183561993763, 0.001720232336083427, 0.0013930140703450888, 0.0011482343034003861, 0.000945005682297051, 0.0008225296624004841, 0.0007470089876733255, 0.0006605204107472673], "total_val_loss_rpn_box_reg": [0.013762736140051857, 0.01588032941799611, 0.01774287602165714, 0.018852706532925367, 0.019750821869820356, 0.019692771835252643, 0.020021524047479033, 0.01989970146678388, 0.020132893230766058, 0.020401307265274227, 0.02044591587036848, 0.020688198506832123, 0.02067661751061678, 0.020627018762752414, 0.020531090791337192]}