{"total_train_loss": [1.5602777749300003, 1.0897415056824684, 0.7365553006529808, 0.4810587130486965, 0.4206145964562893, 0.3439018130302429, 0.327882818877697, 0.276136789470911, 0.4232839569449425, 0.3407857157289982, 0.26746463030576706, 0.2326516229659319, 0.25287317484617233, 0.23271552473306656, 0.2072822917252779], "total_val_loss": [2.5035422444343567, 2.3182552754879, 2.3144135773181915, 2.2593979239463806, 2.1940359473228455, 2.1967598497867584, 2.1429339349269867, 2.115040272474289, 1.9606151729822159, 1.9907176941633224, 1.9729229509830475, 2.0938527584075928, 2.0189855247735977, 1.9519435167312622, 2.004369407892227], "total_train_loss_classifier": [0.6055310070514679, 0.523657102137804, 0.2752141635864973, 0.1259348215535283, 0.08347369311377406, 0.06985926115885377, 0.05512919812463224, 0.04624274489469826, 0.06307691871188581, 0.046239906223490834, 0.05771705275401473, 0.054833347676321864, 0.0550547317834571, 0.05567734711803496, 0.04843273409642279], "total_val_loss_classifier": [1.329167403280735, 1.0785953849554062, 1.0853658095002174, 1.0533559620380402, 1.0374948680400848, 1.0641639977693558, 1.0377934351563454, 1.0063036680221558, 0.9469836056232452, 0.9577879719436169, 0.9343530647456646, 0.948184959590435, 0.9871441200375557, 0.9722578898072243, 0.9875232093036175], "total_train_loss_box_reg": [0.1517779491841793, 0.16216646041721106, 0.14192760176956654, 0.09008558560162783, 0.11725599132478237, 0.07947932742536068, 0.0974333081394434, 0.0769299347884953, 0.21321864053606987, 0.16148506896570325, 0.08574846666306257, 0.058504483895376325, 0.08441995526663959, 0.06729660532437265, 0.05200085404794663], "total_val_loss_box_reg": [0.3087449483573437, 0.32386343739926815, 0.3075516764074564, 0.2871083216741681, 0.27554190158843994, 0.27596030198037624, 0.2606504699215293, 0.25193563755601645, 0.23887251131236553, 0.24725342635065317, 0.2532259523868561, 0.26070421282202005, 0.2710020784288645, 0.26247989293187857, 0.2556314691901207], "total_train_loss_mask": [0.6760137900710106, 0.3620641641318798, 0.29677846282720566, 0.24921764247119427, 0.2115863934159279, 0.18660261668264866, 0.16982563585042953, 0.14898602478206158, 0.1411214005202055, 0.12995383888483047, 0.12175634130835533, 0.116772985085845, 0.11081432923674583, 0.1073037851601839, 0.10542499460279942], "total_val_loss_mask": [0.8231748342514038, 0.8612726926803589, 0.8494836017489433, 0.8230105489492416, 0.7748724743723869, 0.7372357100248337, 0.712535671889782, 0.722657211124897, 0.6311622858047485, 0.6369978785514832, 0.6307359784841537, 0.7268940731883049, 0.594453364610672, 0.5510059520602226, 0.5922140404582024], "total_train_loss_objectness": [0.10851236060261726, 0.029182359110563993, 0.011933608097024262, 0.009720550617203116, 0.002659507212229073, 0.004490804334636778, 0.0026453778555151075, 0.001540544159070123, 0.003938100198865868, 0.0016072951402748004, 0.0011230774252908304, 0.0014995942583482247, 0.001638050947804004, 0.0016615292843198404, 0.0007704584786552005], "total_val_loss_objectness": [0.028887222055345774, 0.03791766008362174, 0.05288546800147742, 0.0758145684376359, 0.08610612386837602, 0.0997540159150958, 0.11221392406150699, 0.11429199809208512, 0.12364618328865618, 0.1284285862930119, 0.13453798228874803, 0.13816463033435866, 0.1462122640805319, 0.14582137757679448, 0.14855147327762097], "total_train_loss_rpn_box_reg": [0.01844266604166478, 0.012671457196120173, 0.010701457591494545, 0.006100121245253831, 0.005639026319840923, 0.003469808754744008, 0.0028492925193859264, 0.0024375397551921196, 0.0019288895491627045, 0.0014995860547060147, 0.0011196926679986063, 0.0010412093106424436, 0.0009461169320275076, 0.0007762532623019069, 0.0006532465231430251], "total_val_loss_rpn_box_reg": [0.013567828224040568, 0.01660614338470623, 0.019126962986774743, 0.020108603755943477, 0.02002061647363007, 0.019645777996629477, 0.019740406656637788, 0.019851763732731342, 0.01995059149339795, 0.020249838242307305, 0.02006998797878623, 0.01990481885150075, 0.020173677941784263, 0.020378447603434324, 0.020449209259822965]}