{"total_train_loss": [1.5294799953699112, 1.0144186168909073, 0.6374684050679207, 0.4504948705434799, 0.379067849367857, 0.3124874234199524, 0.36079176142811775, 0.2731817699968815, 0.33716437965631485, 0.27161606401205063], "total_val_loss": [2.6817723512649536, 2.237839847803116, 2.0209501683712006, 2.3573524057865143, 2.219944179058075, 2.353812128305435, 2.2392837405204773, 2.187040477991104, 2.1590976119041443, 2.1115996539592743], "total_train_loss_classifier": [0.6138212084770203, 0.4791165441274643, 0.22117805294692516, 0.09723583003506064, 0.08074317686259747, 0.06480173766613007, 0.06300047598779202, 0.05316710099577904, 0.06903286650776863, 0.05729834781959653], "total_val_loss_classifier": [1.3634031787514687, 1.0830633416771889, 0.9603203572332859, 1.0661973431706429, 1.07184436917305, 1.105166308581829, 1.0979499369859695, 1.114878572523594, 1.1370656192302704, 1.119642999023199], "total_train_loss_box_reg": [0.15839874744415283, 0.16800504364073277, 0.1165709076449275, 0.09455930348485708, 0.08158363774418831, 0.06597043573856354, 0.12881735851988196, 0.07023509498685598, 0.12834907043725252, 0.08777349744923413], "total_val_loss_box_reg": [0.31879260763525963, 0.32126773707568645, 0.29898593202233315, 0.3224581768736243, 0.30339246429502964, 0.3011628370732069, 0.30731819570064545, 0.29974514059722424, 0.29914079047739506, 0.2991313338279724], "total_train_loss_mask": [0.6353432685136795, 0.33735383301973343, 0.2784351482987404, 0.24526358768343925, 0.20482883416116238, 0.17050186917185783, 0.15922989323735237, 0.1423933357000351, 0.1334129385650158, 0.12130473181605339], "total_val_loss_mask": [0.9460960775613785, 0.7712177783250809, 0.6882070228457451, 0.8699272647500038, 0.7482917457818985, 0.8341928273439407, 0.7107808440923691, 0.6459202319383621, 0.5850496515631676, 0.551924929022789], "total_train_loss_objectness": [0.10375261213630438, 0.018392671830952168, 0.012583430157974362, 0.007439435372361913, 0.0075101349502801895, 0.007449556258507073, 0.006849505240097642, 0.005011288681998849, 0.0045154619292588905, 0.003680972833535634], "total_val_loss_objectness": [0.04020175151526928, 0.04694305907469243, 0.056635397020727396, 0.08014245564118028, 0.0771560831926763, 0.09416354377754033, 0.10439352784305811, 0.10773218795657158, 0.11911702319048345, 0.12211715555167757], "total_train_loss_rpn_box_reg": [0.01816417882218957, 0.011550552386324853, 0.00870084564667195, 0.005996699444949627, 0.004402053644298576, 0.003763829852687195, 0.0028945397934876382, 0.002374957301071845, 0.0018540204619057477, 0.0015585151995765045], "total_val_loss_rpn_box_reg": [0.013278713129693642, 0.01534799873479642, 0.01680151160690002, 0.01862711168359965, 0.019259531400166452, 0.019126636441797018, 0.018841235898435116, 0.01876428979448974, 0.01872443943284452, 0.018783318111672997]}