{"total_train_loss": [1.517422378063202, 1.044322282075882, 0.6372843459248543, 0.4543331451714039, 0.37854379415512085, 0.31535738334059715, 0.2852538041770458, 0.3244614340364933, 0.27559230104088783, 0.3971174508333206], "total_val_loss": [2.6005960404872894, 2.1995246410369873, 2.459308445453644, 2.6056712567806244, 2.2981167435646057, 2.277626782655716, 2.2897872030735016, 2.079569548368454, 2.121252626180649, 2.1000165194272995], "total_train_loss_classifier": [0.5747993960976601, 0.4827141761779785, 0.21846071630716324, 0.10896615171805024, 0.07643698994070292, 0.06475072540342808, 0.05939645133912563, 0.06843066867440939, 0.06265205866657197, 0.07312683505006135], "total_val_loss_classifier": [1.3721493929624557, 1.0757253989577293, 1.0799895375967026, 1.1803464815020561, 1.1933020651340485, 1.117385596036911, 1.1062761805951595, 1.0705929026007652, 1.0394334718585014, 1.0299953259527683], "total_train_loss_box_reg": [0.1438385220244527, 0.1772200558334589, 0.11471707932651043, 0.09326605219393969, 0.08983955532312393, 0.07087551290169358, 0.06592149613425136, 0.1014974843710661, 0.07868782570585608, 0.1955699548125267], "total_val_loss_box_reg": [0.32944528199732304, 0.3274303451180458, 0.3370922412723303, 0.3356981761753559, 0.31939571537077427, 0.2913357000797987, 0.29087775480002165, 0.2871055342257023, 0.28219776414334774, 0.28196937777101994], "total_train_loss_mask": [0.6595774441957474, 0.35115767270326614, 0.28099069371819496, 0.24089576676487923, 0.20141500979661942, 0.1737508364021778, 0.15451985225081444, 0.14818153716623783, 0.1306904535740614, 0.12633836641907692], "total_val_loss_mask": [0.8460323512554169, 0.7441663444042206, 0.9622823372483253, 0.9908421188592911, 0.6759523898363113, 0.7498067393898964, 0.7656083256006241, 0.580351822078228, 0.6490817666053772, 0.6322061568498611], "total_train_loss_objectness": [0.12089751567691565, 0.02122093248181045, 0.013952312991023064, 0.005007783125620335, 0.006766495876945555, 0.002940150036010891, 0.0030828897142782807, 0.004646209650672972, 0.002133129644789733, 0.0008971003699116409], "total_val_loss_objectness": [0.03925519832409918, 0.036546661518514156, 0.06250305683352053, 0.08043680735863745, 0.09098654834087938, 0.1007928375620395, 0.10872555657988414, 0.12309747515246272, 0.13189347658772022, 0.13697019906248897], "total_train_loss_rpn_box_reg": [0.01830951450392604, 0.012009465717710555, 0.009163544833427295, 0.00619738784735091, 0.004085747146746144, 0.0030401487019844353, 0.002333110853214748, 0.0017055310308933258, 0.0014288310194388032, 0.0011851990857394412], "total_val_loss_rpn_box_reg": [0.01371389627456665, 0.01565592165570706, 0.017441339208744466, 0.01834770676214248, 0.01848004595376551, 0.018305866047739983, 0.018299430143088102, 0.018421876709908247, 0.018646143143996596, 0.018875493900850415]}